Section,Mass,h,b,tw,tf,r,hi,d,A,AL,Iy,Wel_y,Wpl_y,iy,Avz,Iz,Wel_z,Wpl_z,iz,Ss,It,Iw,Flexure_Class_S355,Flexure_Class_S460,Compression_Class_S355,Compression_Class_S460
Test beam,10.02,155,75,6,,8,136,,2296,,9050000,,,,,6.72E+05,,,,,6.05E+04,,,,,
UB 1100 x 400 x 607,607,1138,410,31,55,30,1028,968,77310,3.802,16241000000,28540000,33000,457,37640,634700000,3096000,4886000,90000,176,57890000,1.85E+14,1,1,3,4
UB 1100 x 400 x 548,548,1128,407,28,50,30,1028,968,69830,3.776,14566400000,25820000,29720,455,33950,564000000,2771000,4358000,89000,163,43440000,1.63E+14,1,1,4,4
UB 1100 x 400 x 499,499,1118,405,26,45,30,1028,968,63520,3.752,13050200000,23340000,26810,451,31370,500000000,2469000,3879000,88000,151,32530000,1.43E+14,1,1,4,4
UB 1100 x 400 x 433,433,1108,402,22,40,30,1028,968,55120,3.728,11365400000,20510000,23370,452,26660,434200000,2160000,3370000,88000,137,22290000,1.24E+14,1,1,4,4
UB 1100 x 400 x 390,390,1100,400,20,36,30,1028,968,49700,3.708,10163600000,18470000,20990,450,24210,384900000,1924000,2995000,87000,127,16490000,1.09E+14,1,1,4,4
UB 1100 x 400 x 343,343,1090,400,18,31,30,1028,968,43650,3.692,8783500000,16110000,18270,446,21690,331300000,1656000,2575000,86000,115,11040000,9.27E+13,1,2,4,4
UB 1016 x 305 x 584,584,1056,314,36,64,30,928,868,74370,3.244,12460700000,23590000,28030,409,40320,334300000,2129000,3474000,67000,199,71530000,8.12E+13,1,1,1,2
UB 1016 x 305 x 494,494,1036,309,31,54,30,928,868,62910,3.194,10279500000,19840000,23410,404,34450,268200000,1736000,2818000,65000,174,43950000,6.40E+13,1,1,2,3
UB 1016 x 305 x 438,438,1026,305,26.9,49,30,928,868,55630,3.167,9091700000,17720000,20740,404,29990,233500000,1531000,2462000,64000,160,31810000,5.53E+13,1,1,3,4
UB 1016 x 305 x 415,415,1020,304,26,46,30,928,868,52870,3.152,8531200000,16720000,19570,401,28850,217000000,1428000,2297000,64000,153,27030000,5.11E+13,1,1,3,4
UB 1016 x 305 x 393,393,1016,303,24.4,43.9,30,928,868,50020,3.144,8076800000,15890000,18530,401,27120,204900000,1352000,2167000,64000,147,23290000,4.81E+13,1,1,4,4
UB 1016 x 305 x 350,350,1008,302,21.1,40,30,928,868,44510,3.13,7229600000,14340000,16580,403,23590,184600000,1222000,1940000,64000,136,17180000,4.30E+13,1,1,4,4
UB 1016 x 305 x 314,314,1000,300,19.1,35.9,30,928,868,40040,3.11,6442100000,12880000,14850,401,21340,162300000,1082000,1712000,63000,126,12630000,3.75E+13,1,1,4,4
UB 1016 x 305 x 272,272,990,300,16.5,31,30,928,868,34680,3.095,5538400000,11180000,12820,399,18450,140000000,933600,1469000,63000,113,8348000,3.21E+13,1,2,4,4
UB 1016 x 305 x 249,249,980,300,16.5,26,30,928,868,31680,3.075,4810700000,9817000,11340,389,18070,117500000,783600,1244000,60000,103,5819000,2.66E+13,1,2,4,4
UB 1016 x 305 x 222,222,970,300,16,21.1,30,928,868,28280,3.056,4076600000,8405000,9803,379,17220,95450000,636300,1020000,58000,93,3900000,2.14E+13,1,-,4,-
UB 1000 x 400 x 976,976,1108,428,50,89.9,30,928,868,124140,3.776,23486800000,42390000,50290,434,57070,1185200000,5538000,8838000,97000,264,244100000,3.04E+14,1,1,1,1
UB 1000 x 400 x 883,883,1092,424,45.5,82,30,928,868,112530,3.737,20964100000,38390000,45260,431,51640,1049700000,4951000,7873000,96000,244,185100000,2.66E+14,1,1,1,1
UB 1000 x 400 x 748,748,1068,417,39,70,30,928,868,95340,3.674,17319400000,32430000,37880,426,43890,851100000,4082000,6459000,94000,214,115500000,2.11E+14,1,1,1,1
UB 1000 x 400 x 642,642,1048,412,34,60,30,928,868,81760,3.624,14505800000,27680000,32090,421,37960,702800000,3411000,5378000,92000,189,73810000,1.71E+14,1,1,1,2
UB 1000 x 400 x 591,591,1040,409,31,55.9,30,928,868,75270,3.602,13310300000,25590000,29520,420,34630,640100000,3130000,4915000,92000,177,58950000,1.54E+14,1,1,2,3
UB 1000 x 400 x 554,554,1032,408,29.5,52,30,928,868,70580,3.585,12323700000,23880000,27490,417,32800,590900000,2896000,4546000,91000,168,48340000,1.41E+14,1,1,2,3
UB 1000 x 400 x 539,539,1030,407,28.4,51.1,30,928,868,68720,3.58,12025300000,23350000,26820,418,31630,576300000,2832000,4435000,91000,165,45290000,1.38E+14,1,1,2,4
UB 1000 x 400 x 483,483,1020,404,25.4,46,30,928,868,61510,3.554,10674800000,20930000,23920,416,28270,507100000,2510000,3918000,90000,152,33060000,1.20E+14,1,1,4,4
UB 1000 x 400 x 443,443,1012,402,23.6,41.9,30,928,868,56370,3.533,9665100000,19100000,21770,414,26180,454900000,2263000,3529000,89000,142,25430000,1.07E+14,1,1,4,4
UB 1000 x 400 x 412,412,1008,402,21.1,40,30,928,868,52510,3.53,9104700000,18060000,20460,416,23590,434000000,2159000,3348000,90000,136,21440000,1.01E+14,1,1,4,4
UB 1000 x 400 x 371,371,1000,400,19,36.1,30,928,868,47280,3.51,8137300000,16270000,18360,414,21250,385800000,1929000,2984000,90000,126,15880000,8.94E+13,1,1,4,4
UB 1000 x 400 x 321,321,990,400,16.5,31,30,928,868,40880,3.495,6964400000,14060000,15790,412,18450,331200000,1656000,2554000,90000,113,10330000,7.60E+13,1,2,4,4
UB 1000 x 400 x 296,296,982,400,16.5,27.1,30,928,868,37760,3.479,6203100000,12630000,14250,405,18150,289600000,1448000,2242000,87000,105,7636000,6.59E+13,1,2,4,4
UB 920 x 420 x 1377,1377,1093,473,76.7,115.1,25,862.8,812.8,175370,3.882,30354000000,55540000,67740,415,81290,2063500000,8725000,14160000,108000,336,604500000,4.85E+14,1,1,1,1
UB 920 x 420 x 1269,1269,1093,461,64,115.1,25,862.8,812.8,161650,3.859,29010800000,53080000,64020,423,68870,1899000000,8238000,13130000,108000,323,521200000,4.49E+14,1,1,1,1
UB 920 x 420 x 1194,1194,1081,457,60.5,109,25,862.8,812.8,152150,3.826,26967600000,49890000,59910,420,64790,1750500000,7660000,12190000,107000,307,441100000,4.10E+14,1,1,1,1
UB 920 x 420 x 1077,1077,1061,451,55,99.1,25,862.8,812.8,137150,3.773,23790900000,44840000,53450,416,58390,1527600000,6774000,10740000,105000,282,330500000,3.50E+14,1,1,1,1
UB 920 x 420 x 970,970,1043,446,50,89.9,25,862.8,812.8,123660,3.727,21042600000,40350000,47750,412,52680,1338700000,6003000,9497000,103000,259,246800000,3.02E+14,1,1,1,1
UB 920 x 420 x 787,787,1011,437,40.9,73.9,25,862.8,812.8,100200,3.645,16498600000,32630000,38110,405,42550,1033100000,4728000,7431000,101000,217,136500000,2.26E+14,1,1,1,1
UB 920 x 420 x 725,725,999,434,38.1,68.1,25,862.8,812.8,92290,3.615,14965300000,29960000,34830,402,39400,932100000,4295000,6739000,100000,203,107500000,2.01E+14,1,1,1,1
UB 920 x 420 x 656,656,987,431,34.5,62,25,862.8,812.8,83530,3.586,13394300000,27140000,31360,399,35540,830500000,3854000,6027000,99000,187,80980000,1.77E+14,1,1,1,1
UB 920 x 420 x 588,588,975,427,31,55.9,25,862.8,812.8,74810,3.553,11853100000,24310000,27940,397,31820,727700000,3408000,5314000,98000,172,59230000,1.53E+14,1,1,1,2
UB 920 x 420 x 537,537,965,425,28.4,51.1,25,862.8,812.8,68250,3.53,10696100000,22160000,25360,395,29040,655600000,3085000,4799000,97000,159,45420000,1.37E+14,1,1,2,3
UB 920 x 420 x 491,491,957,422,25.9,47,25,862.8,812.8,62330,3.507,9704100000,20280000,23090,393,26450,590100000,2796000,4339000,97000,149,35200000,1.22E+14,1,1,3,4
UB 920 x 420 x 449,449,948,423,24,42.7,25,862.8,812.8,57140,3.497,8787900000,18540000,21040,391,24390,539800000,2552000,3953000,97000,138,26920000,1.10E+14,1,1,3,4
UB 920 x 420 x 420,420,943,422,22.5,39.9,25,862.8,812.8,53410,3.486,8174100000,17330000,19620,390,22850,500700000,2373000,3671000,96000,131,22080000,1.02E+14,1,1,4,4
UB 920 x 420 x 390,390,936,420,21.3,36.6,25,862.8,812.8,49430,3.466,7458100000,15930000,18010,387,21520,452700000,2156000,3334000,95000,123,17410000,9.14E+13,1,1,4,4
UB 920 x 420 x 368,368,931,419,20.3,34.3,25,862.8,812.8,46560,3.454,6962900000,14950000,16880,385,20450,421200000,2010000,3108000,94000,118,14520000,8.45E+13,1,1,4,4
UB 920 x 420 x 344,344,927,418,19.3,32,25,862.8,812.8,43720,3.444,6490600000,14000000,15790,384,19410,390100000,1866000,2884000,94000,112,11980000,7.80E+13,1,1,4,4
UB 914 x 305 x 576,576,993,322,36.1,65,20,862.8,822.8,73320,3.167,11023200000,22200000,26290,387,36440,365200000,2268000,3658000,70000,189,71530000,7.79E+13,1,1,1,1
UB 914 x 305 x 521,521,981,319,33,58.9,20,862.8,822.8,66370,3.138,9830100000,20040000,23610,384,33120,321400000,2015000,3239000,69000,174,53580000,6.77E+13,1,1,1,2
UB 914 x 305 x 474,474,971,316,30,54.1,20,862.8,822.8,60390,3.112,8862800000,18250000,21400,383,30010,286500000,1813000,2901000,68000,161,41180000,5.98E+13,1,1,2,3
UB 914 x 305 x 425,425,961,313,26.9,49,20,862.8,822.8,54200,3.086,7887700000,16410000,19140,381,26830,251900000,1609000,2562000,68000,148,30400000,5.21E+13,1,1,2,4
UB 914 x 305 x 381,381,951,310,24.4,43.9,20,862.8,822.8,48590,3.059,6973700000,14660000,17030,378,24230,219100000,1413000,2243000,67000,135,22060000,4.48E+13,1,1,3,4
UB 914 x 305 x 345,345,943,308,22.1,39.9,20,862.8,822.8,43970,3.039,6261900000,13280000,15360,377,21890,195100000,1267000,2003000,66000,125,16560000,3.96E+13,1,1,4,4
UB 914 x 305 x 313,313,932,309,21.1,34.5,20,862.8,822.8,39840,3.023,5488400000,11770000,13640,371,20660,170400000,1102000,1748000,65000,113,11670000,3.42E+13,1,1,4,4
UB 914 x 305 x 289,289,926.6,307.7,19.5,32,20,862.8,822.8,36830,3.011,5047300000,10890000,12580,370,19060,155900000,1013000,1601000,65000,106,9315000,3.11E+13,1,1,4,4
UB 914 x 305 x 271,271,923,307,18.4,30,20,862.8,822.8,34610,3.003,4721700000,10230000,11790,369,17970,145100000,945800,1491000,64000,101,7743000,2.88E+13,1,1,4,4
UB 914 x 305 x 253,253,918.4,305.5,17.3,27.9,20,862.8,822.8,32280,2.99,4368400000,9513000,10950,367,16860,133000000,870800,1371000,64000,96,6299000,2.63E+13,1,1,4,4
UB 914 x 305 x 238,238,915,305,16.5,25.9,20,862.8,822.8,30350,2.983,4070100000,8896000,10240,365,16040,122800000,805600,1267000,63000,91,5183000,2.42E+13,1,1,4,4
UB 914 x 305 x 224,224,910.4,304.1,15.9,23.9,20,862.8,822.8,28560,2.971,3769500000,8281000,9547,363,15390,112300000,739000,1163000,62000,87,4255000,2.20E+13,1,2,4,4
UB 914 x 305 x 201,201,903,303.3,15.1,20.2,20,862.8,822.8,25590,2.955,3257900000,7215000,8364,356,14480,94230000,621300,982400,60000,78,2939000,1.83E+13,1,-,4,-
UB 840 x 400 x 576,576,913,411,32,57.9,20,797.1,757.1,73447.56,3.372,10117700000,22160000,25560,371,30020,672200000,3271000,5101000,95000,171,61670000,1.22E+14,1,1,1,2
UB 840 x 400 x 527,527,903,409,29.5,53.1,20,797.1,757.1,67284.76,3.349,9150800000,20260000,23270,368,27530,607300000,2969000,4621000,95000,159,47770000,1.09E+14,1,1,1,2
UB 840 x 400 x 473,473,893,406,26.4,48,20,797.1,757.1,60360.16,3.323,8132000000,18210000,20790,367,24570,536700000,2643000,4100000,94000,145,35110000,9.56E+13,1,1,2,3
UB 840 x 400 x 433,433,885,404,24.4,43.9,20,797.1,757.1,55266.24,3.303,7362700000,16630000,18920,364,22620,483500000,2393000,3706000,93000,135,27040000,8.53E+13,1,1,3,4
UB 840 x 400 x 392,392,877,401,22.1,39.9,20,797.1,757.1,49961.28,3.279,6596500000,15040000,17040,363,20430,429600000,2142000,3310000,92000,125,20260000,7.51E+13,1,1,4,4
UB 840 x 400 x 359,359,868,403,21.1,35.6,20,797.1,757.1,45849.44,3.271,5916200000,13630000,15420,359,19330,389000000,1930000,2984000,92000,115,15100000,6.73E+13,1,1,4,4
UB 840 x 400 x 329,329,862,401,19.7,32.4,20,797.1,757.1,42033,3.254,5358200000,12430000,14040,357,17980,348700000,1739000,2687000,91000,107,11590000,5.99E+13,1,1,4,4
UB 840 x 400 x 299,299,856,400,18.2,29.2,20,797.1,757.1,38219.68,3.241,4816800000,11250000,12680,355,16550,311900000,1559000,2406000,90000,100,8662000,5.32E+13,1,1,4,4
UB 838 x 292 x 251,251,859,292,17,31,20,797.3,757.3,32000,2.818,3874900000,9021000,10320,348,15650,129000000,883700,1383000,63000,102,7455000,2.20E+13,1,1,4,4
UB 838 x 292 x 226,226,850.9,293.8,16.1,26.8,20,797.3,757.3,28860,2.81,3408000000,8010000,9182,343,14680,113600000,773300,1212000,62000,93,5223000,1.92E+13,1,1,4,4
UB 838 x 292 x 210,210,846,293,15.4,24.4,20,797.3,757.1,26900,2.799,3117100000,7369000,8455,340,13970,102500000,700200,1098000,61000,87,4127000,1.73E+13,1,1,4,4
UB 838 x 292 x 194,194,840.7,292.4,14.7,21.7,20,797.3,757.3,24680,2.787,2802700000,6667000,7668,336,13250,90670000,620200,974700,60000,81,3122000,1.52E+13,1,2,4,4
UB 838 x 292 x 176,176,834.9,291.7,14,18.8,20,797.3,757.3,22400,2.774,2471100000,5919000,6835,331,12520,78000000,534800,842800,58000,75,2267000,1.29E+13,1,2,4,4
UB 762 x 267 x 220,220,779,266,16.5,30,20,719,679,28070,2.555,2793900000,7173000,8231,314,13900,94430000,710000,1114000,57000,99,6205000,1.32E+13,1,1,4,4
UB 762 x 267 x 197,197,769.8,268,15.6,25.4,20,719,679,25060,2.546,2413200000,6269000,7205,309,12970,81770000,610200,960100,56000,89,4165000,1.13E+13,1,1,4,4
UB 762 x 267 x 185,185,766,267,14.9,23.6,20,719,679.1,23700,2.536,2241400000,5852000,6724,307,12340,75110000,562600,885100,56000,85,3433000,1.03E+13,1,1,4,4
UB 762 x 267 x 173,173,762.2,266.7,14.3,21.6,20,719,679,22040,2.528,2066500000,5422000,6236,305,11790,68510000,513800,808900,55000,80,2768000,9.36E+12,1,1,4,4
UB 762 x 267 x 161,161,758,266,13.8,19.3,20,719,679.1,20500,2.518,1872500000,4940000,5699,301,11300,60740000,456700,720900,54000,75,2151000,8.26E+12,1,1,4,4
UB 762 x 267 x 147,147,754,265.2,12.8,17.5,20,719,679,18720,2.509,1698700000,4505000,5194,300,10470,54570000,411500,648500,53000,71,1661000,7.38E+12,1,2,4,4
UB 762 x 267 x 134,134,750,264.4,12,15.5,20,719,679,17060,2.499,1520600000,4054000,4682,297,9777,47890000,362200,571200,52000,66,1250000,6.44E+12,1,2,4,4
UB 760 x 380 x 582,582,843,396,34.5,62,20,719.1,679.1,74252.86,3.167,8615500000,20440000,23750,340,29760,644300000,3254000,5082000,93000,181,72190000,9.79E+13,1,1,1,1
UB 760 x 380 x 531,531,833,393,31.5,56.9,20,719.1,679.1,67721.56,3.141,7766400000,18640000,21550,338,27060,577600000,2939000,4579000,92000,168,55630000,8.67E+13,1,1,1,1
UB 760 x 380 x 484,484,823,390,29,52.1,20,719.1,679.1,61826.56,3.114,6987600000,16980000,19530,336,24780,516600000,2649000,4119000,91000,156,42790000,7.65E+13,1,1,1,1
UB 760 x 380 x 434,434,813,387,25.9,47,20,719.1,679.1,55343.46,3.088,6188400000,15220000,17400,334,22060,455100000,2352000,3646000,90000,143,31270000,6.66E+13,1,1,1,2
UB 760 x 380 x 389,389,803,385,23.6,41.9,20,719.1,679.1,49579.48,3.064,5451900000,13570000,15450,331,19980,399300000,2074000,3211000,89000,130,22470000,5.77E+13,1,1,2,3
UB 760 x 380 x 350,350,795,382,21.1,38.1,20,719.1,679.1,44618.44,3.041,4868800000,12240000,13860,330,17830,354600000,1856000,2865000,89000,120,16750000,5.07E+13,1,1,3,4
UB 760 x 380 x 314,314,786,384,19.7,33.4,20,719.1,679.1,40162.8,3.034,4288600000,10910000,12320,326,16500,315700000,1644000,2537000,88000,109,11820000,4.46E+13,1,1,4,4
UB 760 x 380 x 284,284,780,382,18,30.1,20,719.1,679.1,36296.16,3.018,3837500000,9839000,11070,325,15040,280000000,1466000,2259000,87000,101,8750000,3.93E+13,1,1,4,4
UB 760 x 380 x 257,257,772,381,16.6,27.1,20,719.1,679.1,32909.04,3,3420500000,8861000,9951,322,13790,250100000,1313000,2020000,87000,94,6511000,3.47E+13,1,1,4,4
UB 690 x 360 x 802,802,826,387,50,89.9,20,645.9,605.9,102235.96,3.066,10631700000,25740000,30930,322,40740,875400000,4524000,7146000,92000,253,206100000,1.18E+14,1,1,1,1
UB 690 x 360 x 548,548,772,372,35.1,63,20,645.9,605.9,69889.96,2.927,6729300000,17430000,20380,310,27740,543000000,2919000,4565000,88000,184,70650000,6.79E+13,1,1,1,1
UB 690 x 360 x 500,500,762,369,32,57.9,20,645.9,605.9,63751.96,2.902,6062300000,15910000,18490,308,25190,486700000,2638000,4114000,87000,171,54590000,6.01E+13,1,1,1,1
UB 690 x 360 x 457,457,752,367,29.5,53.1,20,645.9,605.9,58369.86,2.879,5465500000,14530000,16800,306,23080,438900000,2392000,3723000,86000,159,42280000,5.34E+13,1,1,1,1
UB 690 x 360 x 419,419,744,364,26.9,49,20,645.9,605.9,53392.76,2.856,4953900000,13310000,15310,304,20990,395000000,2170000,3369000,86000,148,32990000,4.76E+13,1,1,1,1
UB 690 x 360 x 384,384,736,362,24.9,45,20,645.9,605.9,49008.76,2.836,4488800000,12190000,13960,302,19340,356700000,1970000,3054000,85000,138,25690000,4.25E+13,1,1,1,2
UB 690 x 360 x 350,350,728,360,23.1,40.9,20,645.9,605.9,44718.58,2.815,4034000000,11080000,12630,300,17850,318700000,1771000,2742000,84000,128,19530000,3.75E+13,1,1,1,2
UB 690 x 360 x 323,323,722,359,21.1,38.1,20,645.9,605.9,41325.54,2.803,3710400000,10270000,11660,299,16290,294300000,1640000,2532000,84000,120,15670000,3.44E+13,1,1,2,3
UB 690 x 360 x 289,289,714,356,19,34,20,645.9,605.9,36825.36,2.78,3262400000,9138000,10320,297,14620,256100000,1438000,2217000,83000,110,11200000,2.96E+13,1,1,3,4
UB 690 x 360 x 265,265,706,358,18.4,30.2,20,645.9,605.9,33845.6,2.773,2917900000,8266000,9333,293,13980,231300000,1292000,1994000,82000,102,8337000,2.64E+13,1,1,3,4
UB 690 x 360 x 240,240,701,356,16.8,27.4,20,645.9,605.9,30708.32,2.758,2626800000,7494000,8433,292,12750,206300000,1159000,1786000,81000,95,6272000,2.34E+13,1,1,4,4
UB 690 x 360 x 217,217,695,355,15.4,24.8,20,645.9,605.9,27890.52,2.745,2357900000,6785000,7613,290,11650,185100000,1043000,1605000,81000,88,4715000,2.08E+13,1,1,4,4
UB 686 x 254 x 192,192,702,254,15.5,27.9,20,645.5,605.5,24500,2.355,1994400000,5682000,6504,285,11900,76450000,602000,943000,55000,94,4797000,8.66E+12,1,1,4,4
UB 686 x 254 x 170,170,692.9,255.8,14.5,23.7,20,645.5,605.5,21680,2.346,1717800000,4958000,5676,280,10990,66330000,518600,813300,55000,85,3216000,7.40E+12,1,1,4,4
UB 686 x 254 x 152,152,687.5,254.5,13.2,21,20,645.5,605.5,19410,2.332,1518100000,4416000,5046,278,9981,57860000,454700,712000,54000,78,2312000,6.41E+12,1,1,4,4
UB 686 x 254 x 140,140,683.5,253.7,12.4,19,20,645.5,605.5,17840,2.323,1377200000,4029000,4604,276,9343,51850000,408700,639900,53000,73,1787000,5.71E+12,1,1,4,4
UB 686 x 254 x 125,125,677.9,253,11.7,16.2,20,645.5,605.5,15950,2.31,1194400000,3524000,4040,272,8733,43850000,346600,544100,52000,67,1243000,4.79E+12,1,2,4,4
UB 610 x 325 x 551,551,711,347,38.6,69.1,20,573,533,70408.84,2.698,5590700000,15720000,18650,281,27880,484100000,2790000,4381000,82000,200,85770000,4.96E+13,1,1,1,1
UB 610 x 325 x 498,498,699,343,35.1,63,20,573,533,63673.66,2.665,4962200000,14190000,16720,279,25180,425900000,2483000,3889000,81000,184,64770000,4.28E+13,1,1,1,1
UB 610 x 325 x 455,455,689,340,32,57.9,20,573,533,58057.76,2.64,4460800000,12940000,15140,277,22850,380900000,2241000,3500000,80000,171,50040000,3.78E+13,1,1,1,1
UB 610 x 325 x 415,415,679,338,29.5,53.1,20,573,533,53136.56,2.617,4013200000,11820000,13750,274,20930,343000000,2030000,3164000,80000,159,38760000,3.35E+13,1,1,1,1
UB 610 x 325 x 372,372,669,335,26.4,48,20,573,533,47630.56,2.591,3547900000,10600000,12240,272,18650,301700000,1801000,2799000,79000,145,28500000,2.90E+13,1,1,1,1
UB 610 x 325 x 341,341,661,333,24.4,43.9,20,573,533,43566.84,2.571,3198400000,9677000,11120,270,17150,270900000,1627000,2525000,78000,135,21950000,2.57E+13,1,1,1,1
UB 610 x 325 x 307,307,653,330,22.1,39.9,20,573,533,39345.08,2.547,2852300000,8736000,9984,269,15480,239500000,1452000,2247000,78000,125,16450000,2.25E+13,1,1,1,2
UB 610 x 325 x 285,285,647,329,20.6,37.1,20,573,533,36554.84,2.534,2622800000,8107000,9230,267,14390,220600000,1341000,2073000,77000,118,13280000,2.05E+13,1,1,1,2
UB 610 x 325 x 262,262,641,327,19,34,20,573,533,33466.36,2.518,2375500000,7411000,8405,266,13230,198500000,1214000,1874000,77000,110,10270000,1.83E+13,1,1,2,3
UB 610 x 325 x 241,241,635,329,17.9,31,20,573,533,30998.06,2.516,2169900000,6834000,7726,264,12390,184300000,1120000,1728000,77000,103,8022000,1.68E+13,1,1,2,3
UB 610 x 325 x 217,217,628,328,16.5,27.7,20,573,533,27962.46,2.501,1923600000,6126000,6903,262,11350,163100000,995000,1533000,76000,95,5861000,1.47E+13,1,1,3,4
UB 610 x 325 x 195,195,622,327,15.4,24.4,20,573,533,25128.24,2.487,1694500000,5448000,6129,259,10520,142400000,871000,1342000,75000,87,4183000,1.27E+13,1,1,4,4
UB 610 x 325 x 174,174,616,325,14,21.6,20,573,533,22402.56,2.47,1487200000,4828000,5417,257,9528,123700000,761600,1172000,74000,80,2975000,1.09E+13,1,1,4,4
UB 610 x 325 x 155,155,611,324,12.7,19,20,573,533,19932.46,2.458,1305500000,4273000,4783,255,8621,107800000,665700,1024000,73000,74,2095000,9.44E+12,1,2,4,4
UB 610 x 305 x 238,238,635.8,311.4,18.4,31.4,20,573,533,30330,2.446,2103300000,6616000,7516,262,12720,158300000,1017000,1575000,72000,104,8029000,1.44E+13,1,1,2,3
UB 610 x 305 x 179,179,620.2,307.1,14.1,23.6,20,573,533,22810,2.406,1538800000,4962000,5578,259,9699,114100000,743100,1145000,70000,84,3505000,1.01E+13,1,1,4,4
UB 610 x 305 x 149,149,612.4,304.8,11.8,19.7,20,573,533,19000,2.386,1267300000,4139000,4624,257,8125,93090000,610800,938600,69000,74,2076000,8.17E+12,1,1,4,4
UB 610 x 229 x 153,153,623,229,14,24.9,20,573,533,19770,2.1,1267500000,4069000,4657,253,9712,50010000,436800,684900,50000,87,3158000,4.46E+12,1,1,4,4
UB 610 x 229 x 140,140,617.2,230.2,13.1,22.1,20,573,533,17820,2.095,1133900000,3674000,4199,250,9023,45080000,391700,613900,50000,80,2334000,3.98E+12,1,1,4,4
UB 610 x 229 x 125,125,612.2,229,11.9,19.6,20,573,533,15930,2.082,1002200000,3274000,3733,249,8179,39350000,343600,537700,49000,74,1682000,3.44E+12,1,1,4,4
UB 610 x 229 x 113,113,607.6,228.2,11.1,17.3,20,573,533,14390,2.071,889300000,2927000,3338,246,7587,34360000,301200,471500,48000,69,1230000,2.98E+12,1,1,4,4
UB 610 x 229 x 101,101,602.6,227.6,10.5,14.8,20,573,533,12890,2.06,773900000,2568000,2938,243,7107,29170000,256300,402400,47000,63,866700,2.51E+12,1,1,4,4
UB 610 x 178 x 92,92,603,179,10.9,15,13,573,547,11760,1.878,646800000,2145000,2514,234,6944,14410000,161000,258500,35000,56,713000,1.24E+12,1,1,4,4
UB 610 x 178 x 82,82,599,178,10,12.8,13,573,547,10440,1.868,560300000,1870000,2198,231,6339,12080000,135800,218200,34000,50,490700,1.03E+12,1,2,4,4
UB 533 x 312 x 409,409,613,327,31,55.6,25,501.9,475.9,52454.7,2.429,3192400000,10410000,12210,246,20590,325500000,1990000,3104000,78000,171,43430000,2.52E+13,1,1,1,1
UB 533 x 312 x 369,369,603,324,27.9,50.5,25,501.9,475.9,47266.3,2.403,2830700000,9388000,10920,244,18470,287300000,1774000,2758000,77000,158,32460000,2.18E+13,1,1,1,1
UB 533 x 312 x 332,332,593,322,25.4,45.5,25,501.9,475.9,42589.3,2.38,2501000000,8435000,9753,242,16710,254000000,1577000,2449000,77000,145,23990000,1.90E+13,1,1,1,1
UB 533 x 312 x 300,300,585,319,23.1,41.4,25,501.9,475.9,38550.52,2.357,2231200000,7628000,8767,240,15160,224600000,1408000,2182000,76000,135,18100000,1.65E+13,1,1,1,1
UB 533 x 312 x 272,272,577,317,21.1,37.6,25,501.9,475.9,34962.88,2.337,1991200000,6902000,7889,238,13790,200100000,1262000,1953000,75000,125,13670000,1.45E+13,1,1,1,1
UB 533 x 312 x 248,248,571,315,19,34.5,25,501.9,475.9,31809.5,2.321,1798700000,6300000,7159,237,12450,180100000,1143000,1765000,75000,117,10520000,1.29E+13,1,1,1,2
UB 533 x 312 x 219,219,560,318,18.3,29.2,25,501.9,475.9,28286.98,2.312,1534100000,5479000,6211,232,11710,156800000,986600,1526000,74000,105,7019000,1.10E+13,1,1,1,2
UB 533 x 312 x 196,196,554,316,16.5,26.3,25,501.9,475.9,25431.2,2.296,1363600000,4922000,5554,231,10550,138600000,877300,1354000,73000,98,5184000,9.63E+12,1,1,2,3
UB 533 x 312 x 182,182,551,315,15.2,24.4,25,501.9,475.9,23541.94,2.289,1259200000,4570000,5137,231,9760,127300000,808600,1246000,73000,93,4164000,8.81E+12,1,1,3,4
UB 533 x 312 x 165,165,546,313,14,22.2,25,501.9,475.9,21456.1,2.273,1133300000,4151000,4651,229,8979,113600000,726300,1118000,72000,87,3198000,7.78E+12,1,1,3,4
UB 533 x 312 x 150,150,543,312,12.7,20.3,25,501.9,475.9,19584.18,2.266,1032200000,3801000,4243,229,8189,102900000,659800,1014000,72000,82,2474000,7.02E+12,1,1,4,4
UB 533 x 210 x 122,122,544.5,211.9,12.7,21.3,13,501.9,475.9,15540,1.889,760800000,2794000,3197,221,7343,33870000,319700,499700,46000,70,1788000,2.31E+12,1,1,4,4
UB 533 x 210 x 109,109,539.5,210.8,11.6,18.8,13,501.9,475.9,13890,1.877,668600000,2478000,2830,219,6673,29420000,279200,435800,46000,64,1267000,1.99E+12,1,1,4,4
UB 533 x 210 x 101,101,536.7,210,10.8,17.4,13,501.9,475.9,12870,1.869,615500000,2293000,2613,218,6205,26920000,256300,399500,45000,60,1013000,1.81E+12,1,1,4,4
UB 533 x 210 x 92,92.1,533.1,209.3,10.1,15.6,13,501.9,475.9,11740,1.861,552600000,2073000,2361,216,5777,23890000,228300,355600,45000,56,759500,1.60E+12,1,1,4,4
UB 533 x 210 x 82,82.2,528.3,208.8,9.6,13.2,13,501.9,475.9,10470,1.85,475700000,1801000,2060,213,5433,20070000,192200,300400,43000,51,517500,1.33E+12,1,2,4,4
UB 533 x 165 x 85,85,535,166,10.3,16.5,13,502,476,10790,1.691,485800000,1816000,2105,212,5914,12630000,152200,241800,34000,58,739800,8.45E+11,1,1,4,4
UB 533 x 165 x 74,74,529,166,9.7,13.6,13,502,476,9530,1.68,410900000,1553000,1810,207,5498,10410000,125400,200300,33000,52,482000,6.89E+11,1,1,4,4
UB 533 x 165 x 66,66,525,165,8.9,11.4,13,502,476,8380,1.67,351000000,1337000,1563,204,5012,8573000,103900,166100,31000,46,321500,5.63E+11,1,2,4,4
UB 457 x 279 x 464,464,567,305,38.6,69.6,20,428,388,59312.44,2.242,2910000000,10260000,12390,221,22320,331300000,2172000,3404000,74000,201,75050000,2.04E+13,1,1,1,1
UB 457 x 279 x 421,421,555,302,35.6,63.5,20,428,388,53934.16,2.212,2576800000,9286000,11120,218,20380,293200000,1942000,3038000,73000,186,57310000,1.76E+13,1,1,1,1
UB 457 x 279 x 384,384,545,299,32.5,58.4,20,428,388,49183.06,2.187,2304900000,8458000,10050,216,18490,261500000,1749000,2730000,72000,172,44380000,1.54E+13,1,1,1,1
UB 457 x 279 x 349,349,535,296,29.5,53.6,20,428,388,44694.66,2.161,2053500000,7676000,9059,214,16680,232700000,1572000,2447000,72000,160,34100000,1.34E+13,1,1,1,1
UB 457 x 279 x 315,315,525,293,26.9,48.5,20,428,388,40277.56,2.134,1809600000,6893000,8075,211,15100,204100000,1393000,2165000,71000,147,25360000,1.15E+13,1,1,1,1
UB 457 x 279 x 286,286,517,291,24.4,44.4,20,428,388,36632.24,2.115,1621800000,6274000,7296,210,13650,182900000,1257000,1949000,70000,136,19420000,1.02E+13,1,1,1,1
UB 457 x 279 x 260,260,509,289,22.6,40.4,20,428,388,33371.88,2.094,1448000000,5689000,6579,208,12540,163000000,1128000,1747000,69000,126,14780000,8.92E+12,1,1,1,1
UB 457 x 279 x 235,235,501,287,20.6,36.6,20,428,388,30164.44,2.074,1284500000,5127000,5892,206,11370,144500000,1007000,1557000,69000,117,11060000,7.77E+12,1,1,1,1
UB 457 x 279 x 213,213,495,285,18.5,33.5,20,428,388,27356.36,2.059,1154400000,4664000,5325,205,10220,129500000,909000,1401000,68000,108,8430000,6.88E+12,1,1,1,1
UB 457 x 279 x 193,193,489,283,17,30.5,20,428,388,24882.36,2.042,1034700000,4232000,4808,203,9357,115400000,815900,1256000,68000,101,6411000,6.06E+12,1,1,1,1
UB 457 x 279 x 177,177,482,286,16.6,26.9,20,428,388,22838.28,2.04,921300000,3823000,4334,200,8974,105100000,735000,1134000,67000,93,4726000,5.43E+12,1,1,1,1
UB 457 x 279 x 158,158,476,284,15,23.9,20,428,388,20341.56,2.024,807500000,3393000,3828,199,8080,91410000,643700,992000,67000,86,3372000,4.66E+12,1,1,1,2
UB 457 x 279 x 144,144,472,283,13.6,22.1,20,428,388,18670.04,2.014,737200000,3124000,3507,198,7346,83620000,590900,908600,66000,81,2656000,4.22E+12,1,1,2,3
UB 457 x 279 x 128,128,467,282,12.2,19.6,20,428,388,16616.92,2.003,648100000,2776000,3102,197,6585,73360000,520300,798800,66000,74,1891000,3.67E+12,1,1,3,4
UB 457 x 279 x 113,113,463,280,10.8,17.3,20,428,388,14658.08,1.99,567200000,2450000,2726,196,5848,63370000,452700,694000,65000,68,1323000,3.14E+12,1,2,4,4
UB 457 x 191 x 161,161.4,492,199.4,18,32,10,428,408,20551.44073,1.728,797600000,3242000,3777,197,9005,42500000,426300,671700,45000,93,5143000,2.24E+12,1,-,1,-
UB 457 x 191 x 133,133.3,480.6,196.7,15.3,26.3,10,428,408,16980.66073,1.7,638200000,2656000,3069,193,7562,33490000,340500,534600,44000,79,2919000,1.72E+12,1,-,1,-
UB 457 x 191 x 106,105.8,469,194,12.6,20.6,10,428,408,13470,1.672,488000000,2081000,2386,190,6147,25140000,259200,405300,43000,65,1455000,1.26E+12,1,1,3,4
UB 457 x 191 x 98,98.3,467.2,192.8,11.4,19.6,10,428,408,12530,1.666,457100000,1956000,2231,191,5580,23460000,243400,378800,43000,62,1210000,1.17E+12,1,1,4,4
UB 457 x 191 x 89,89.3,463.4,191.9,10.5,17.7,10,428,408,11380,1.656,409900000,1769000,2012,189,5119,20890000,217700,338300,42000,57,905200,1.04E+12,1,1,4,4
UB 457 x 191 x 82,82,460,191.3,9.9,16,10,428,408,10450,1.648,370300000,1610000,1830,188,4801,18700000,195500,303800,42000,53,690600,9.20E+11,1,1,4,4
UB 457 x 191 x 74,74.3,457,190.4,9,14.5,10,428,408,9460,1.64,333000000,1457000,1651,187,4358,16710000,175500,272000,42000,49,516700,8.17E+11,1,1,4,4
UB 457 x 191 x 67,67.1,453.4,189.9,8.5,12.7,10,428,408,8550,1.632,293600000,1295000,1470,185,4085,14520000,152900,237200,41000,45,370300,7.04E+11,1,1,4,4
UB 457 x 152 x 82,82.1,465.8,155.3,10.5,18.9,10,428,408,10450,1.515,365700000,1570000,1810,187,5156,11840000,152500,240300,33000,60,890400,5.89E+11,1,1,4,4
UB 457 x 152 x 74,74.2,462,154.4,9.6,17,10,428,408,9450,1.505,326500000,1413000,1625,185,4697,10460000,135500,213000,33000,55,657700,5.16E+11,1,1,4,4
UB 457 x 152 x 67,67.2,458,153.8,9,15,10,428,408,8560,1.496,289100000,1262000,1452,183,4372,9125000,118600,186600,32000,50,475400,4.46E+11,1,1,4,4
UB 457 x 152 x 60,59.8,454.6,152.9,8.1,13.3,10,428,408,7620,1.487,254800000,1121000,1286,182,3926,7946000,103900,163000,32000,46,337300,3.86E+11,1,1,4,4
UB 457 x 152 x 52,52.3,449.8,152.4,7.6,10.9,10,428,408,6660,1.477,213500000,949400,1095,179,3639,6449000,84630,133200,31000,41,212900,3.10E+11,1,2,4,4
UB 406 x 178 x 85,85,417,181,10.9,18.2,10,380.8,360.8,10820,1.519,315200000,1512000,1724,170,4796,18030000,199200,310000,40000,59,924200,7.15E+11,1,1,3,4
UB 406 x 178 x 74,74.2,412.8,179.5,9.5,16,10,380.8,360.8,9450,1.507,272900000,1322000,1500,169,4175,15450000,172100,266900,40000,53,626100,6.07E+11,1,1,4,4
UB 406 x 178 x 67,67.1,409.4,178.8,8.8,14.3,10,380.8,360.8,8550,1.499,243100000,1188000,1345,168,3848,13640000,152600,236500,39000,49,459800,5.32E+11,1,1,4,4
UB 406 x 178 x 60,60.1,406.4,177.9,7.9,12.8,10,380.8,360.8,7650,1.491,215800000,1062000,1198,167,3451,12030000,135200,209000,39000,45,332100,4.65E+11,1,1,4,4
UB 406 x 178 x 54,54.1,402.6,177.7,7.7,10.9,10,380.8,360.8,6900,1.483,187100000,929400,1053,164,3319,10210000,114900,178200,38000,41,230400,3.91E+11,1,2,4,4
UB 406 x 140 x 53,53.3,406.6,143.3,7.9,12.9,10,380.8,360.8,6800,1.353,182700000,898700,1030,164,3454,6345000,88560,138900,30000,45,288500,2.45E+11,1,1,4,4
UB 406 x 140 x 46,46,403.2,142.2,6.8,11.2,10,380.8,360.8,5860,1.344,156700000,777400,886.9,163,2975,5380000,75670,118100,30000,40,189400,2.06E+11,1,2,4,4
UB 406 x 140 x 39,39,398,141.8,6.4,8.6,10,380.8,360.8,4970,1.333,124900000,627900,723,158,2750,4097000,57790,90820,28000,35,106400,1.55E+11,1,2,4,4
UB 356 x 171 x 67,67.1,363.4,173.2,9.1,15.7,10,332,312,8550,1.384,194500000,1070000,1210,150,3563,13620000,157200,242900,39000,52,555300,4.11E+11,1,1,4,4
UB 356 x 171 x 57,57,358,172.2,8.1,13,10,332,312,7260,1.371,160200000,895400,1009,148,3140,11080000,128700,198700,39000,45,332700,3.29E+11,1,1,4,4
UB 356 x 171 x 51,51,355,171.5,7.4,11.5,10,332,312,6490,1.364,141200000,795800,895.4,147,2857,9682000,112900,174100,38000,42,237200,2.85E+11,1,1,4,4
UB 356 x 171 x 45,45,351.4,171.1,7,9.7,10,332,312,5730,1.356,120500000,686200,774,145,2671,8110000,94800,146500,37000,38,157700,2.36E+11,2,3,4,4
UB 356 x 127 x 39,39.1,353.4,126,6.6,10.7,10,332,312,4980,1.18,101600000,575100,657.9,142,2561,3578000,56790,89020,26000,39,150200,1.05E+11,1,1,4,4
UB 356 x 127 x 33,33.1,349,125.4,6,8.5,10,332,312,4210,1.17,82400000,472200,542.3,139,2298,2802000,44690,70260,25000,34,87360,80970000000,1,2,4,4
UB 305 x 165 x 54,54,310.4,166.9,7.9,13.7,9,283,265,6880,1.257,116900000,753700,846.2,130,2660,10620000,127300,195600,39000,45,348300,2.34E+11,1,1,3,4
UB 305 x 165 x 46,46.1,306.6,165.7,6.7,11.8,9,283,265,5870,1.247,99010000,645800,720.2,129,2257,8956000,108100,165500,39000,40,222300,1.94E+11,1,1,4,4
UB 305 x 165 x 40,40.3,303.4,165,6,10.2,9,283,265,5130,1.239,85050000,560600,623.2,128,2012,7643000,92650,141700,38000,36,147600,1.64E+11,1,2,4,4
UB 305 x 127 x 48,48.1,311,125.3,9,14,9,283,265,6120,1.09,95770000,615900,710.8,125,2994,4610000,73590,116000,27000,47,318200,1.01E+11,1,1,2,3
UB 305 x 127 x 42,41.9,307.2,124.3,8,12.1,9,283,265,5340,1.08,81980000,533700,613.7,123,2648,3887000,62550,98420,26000,42,211700,84310000000,1,1,3,4
UB 305 x 127 x 37,37,304.4,123.4,7.1,10.7,9,283,265,4720,1.073,71730000,471300,539.6,123,2347,3361000,54480,85420,26000,39,147900,72260000000,1,1,4,4
UB 305 x 102 x 33,32.8,312.7,102.4,6.6,10.8,8,291.1,275.1,4180,1.008,65120000,416500,481.5,124,2220,1941000,37910,60070,21000,37,123000,44030000000,1,1,4,4
UB 305 x 102 x 28,28.2,308.7,101.8,6,8.8,8,291.1,275.1,3590,0.999,53760000,348300,403.6,122,1995,1553000,30520,48480,20000,32,74780,34790000000,1,1,4,4
UB 305 x 102 x 25,24.8,305.1,101.6,5.8,7,8,291.1,275.1,3160,0.991,44660000,292700,342.7,118,1895,1229000,24200,38830,19000,29,48330,27180000000,1,1,4,4
UB 254 x 146 x 43,43,259.6,147.3,7.2,12.7,8,234.2,218.2,5480,1.08,65500000,504600,566.9,109,2035,6773000,91970,141100,35000,41,240200,1.03E+11,1,1,2,4
UB 254 x 146 x 37,37,256,146.4,6.3,10.9,8,234.2,218.2,4720,1.071,55430000,433100,483.8,108,1773,5706000,77950,119400,34000,37,154300,85610000000,1,1,4,4
UB 254 x 146 x 31,31.1,251.4,146.1,6,8.6,8,234.2,218.2,3970,1.061,44200000,351600,393.6,105,1649,4475000,61260,94150,33000,32,86290,65870000000,1,3,4,4
UB 254 x 102 x 28,28.3,260.4,102.2,6.3,10,8,240.4,224.4,3610,0.903,40120000,308100,353.4,105,1792,1785000,34940,54880,22000,35,96650,27880000000,1,1,4,4
UB 254 x 102 x 25,25.2,257.2,101.9,6,8.4,8,240.4,224.4,3200,0.896,34210000,266000,306.1,103,1682,1487000,29180,46030,21000,32,64950,22920000000,1,1,4,4
UB 254 x 102 x 22,22,254,101.6,5.7,6.8,8,240.4,224.4,2800,0.889,28480000,224200,259.6,100,1572,1193000,23490,37300,20000,28,42030,18150000000,1,1,4,4
UB 203 x 133 x 30,30,206.8,133.9,6.4,9.6,8,187.6,171.6,3820,0.923,29000000,280400,314.8,87,1470,3846000,57450,88250,31000,34,103900,37340000000,1,1,1,2
UB 203 x 133 x 25,25.1,203.2,133.2,5.7,7.8,8,187.6,171.6,3200,0.914,23440000,230700,258.2,85,1293,3076000,46190,70970,30000,30,60320,29320000000,1,2,2,4
UB 203 x 102 x 23,23.1,203.2,101.8,5.4,9.3,8,184.6,168.6,2940,0.789,21090000,207500,234.5,84,1250,1638000,32190,49780,23000,33,70990,15360000000,1,1,3,4
UB 178 x 102 x 19,19,177.8,101.2,4.8,7.9,8,162,146,2430,0.737,13590000,152800,171.6,74,996.8,1367000,27020,41610,23000,29,44710,9847000000,1,1,2,4
UB 152 x 89 x 16,16,152.4,88.7,4.5,7.7,8,137,121,2030,0.637,8365000,109700,123.6,64,829.2,897600,20240,31200,20000,29,36190,4687000000,1,1,2,2
UB 127 x 76 x 13,13,127,76,4,7.6,8,111.8,95.8,1650,0.536,4749000,74790,84.43,53,654.1,557500,14670,22600,18000,28,29060,1981000000,1,1,1,2
